<?xml version="1.0" encoding="utf-8"?>
<odoo>
    <data noupdate="1">
        <record id="check_overdue_sale" model="ir.cron">
            <field name="name">Check quán hạn thanh toán sale</field>
            <field name="model_id" ref="model_zalo_oa"/>
            <field name="state">code</field>
            <field name="code">model._check_overdue()</field>
            <field name="interval_number">1</field>
            <field name="interval_type">days</field>
            <field name="numbercall">-1</field>
            <field name="active" eval="True"/>
            <field name="doall" eval="True"/>
        </record>
    </data>
</odoo>
