<?xml version="1.0" encoding="utf-8"?>
<odoo>
    <data noupdate="1">
        <record model="ir.module.category" id="zalo_oa">
            <field name="name">itricksme</field>
            <field name="description">itricksme Group</field>
            <field name="sequence">30</field>
        </record>
        <record id="itricksme.group_zalo_oa" model="res.groups">
            <field name="name">Truy cập itricksme</field>
            <field name="category_id" ref="itricksme.zalo_oa"/>
        </record>
    </data>
</odoo>
                